Place of interest,Place address,Latitude,Longitude,Type of place
Asamblea Cristiana Gilgal,CALLE GARGANTA DE AISA 34,40.403023480440126,-3.6575752658298923,Asamblea Cristiana Gilgal
Asambleas de Evangelización Mundial para Cristo (AEMC),CALLE ANTONIA RODRIGUEZ SACRISTAN 8 PLANTA BAJO IZQUIERDA,40.372800292475574,-3.745073767335671,Asambleas de Evangelización Mundial para Cristo (AEMC)
Asociación Darse - Dar Ayuda para la Reinserción Social España,CAMINO ALTO DE SAN ISIDRO 16 PLANTA 2º C C,40.39646987780765,-3.7228134710524623,Asociación Darse - Dar Ayuda para la Reinserción Social España
Asociación Evangélica Internacional,CALLE NICARAGUA 19,40.457895405861926,-3.6706745177055007,Asociación Evangélica Internacional
Catedral Anglicana de Madrid,CALLE BENEFICENCIA 18,40.42635120982088,-3.698682579292043,Catedral Anglicana de Madrid
Catedral Ortodoxa Griega. Santa Iglesia Catedral de los Santos Andrés y Demetrio,CALLE NICARAGUA 12,40.45754917910687,-3.672905343222746,Catedral Ortodoxa Griega. Santa Iglesia Catedral de los Santos Andrés y Demetrio
Centro Apostólico Cristo Viene,CALLE ANTONIO LOPEZ 236 PLANTA 1,40.383724492823504,-3.6960683266163925,Centro Apostólico Cristo Viene
Centro Cristiano Amor y Fe,CALLE HAYA 1,40.368709165465525,-3.7471132818088884,Centro Cristiano Amor y Fe
Centro Cristiano Ciudad de Refugio,CALLE GODELLA 103 PLANTA 1 Derecha,40.34192622597721,-3.6876586251390493,Centro Cristiano Ciudad de Refugio
Centro Cristiano Cuatro Caminos,CALLE SAN ENRIQUE 12,40.456100287456294,-3.700994547334428,Centro Cristiano Cuatro Caminos
Centro Cristiano Evangélico,CALLE LUMBRERAS 8,40.40685383679603,-3.6154573903495684,Centro Cristiano Evangélico
Centro Cristiano Evangélico Independiente,CALLE SECOYA 28 PLANTA 3,40.368892245184576,-3.747166775976031,Centro Cristiano Evangélico Independiente
Centro Cultural Islámico. Mezquita de Madrid,CALLE SALVADOR DE MADARIAGA 7,40.438521492191306,-3.6573640044493407,Centro Cultural Islámico. Mezquita de Madrid
Centro de Evangelización Anuncio de Paz,CALLE PUERTO DEL MONASTERIO 10 PLANTA BAJO,40.39477355030102,-3.665233691809319,Centro de Evangelización Anuncio de Paz
Centro de Fe y Esperanza Internacional,CALLE LUIS GOMEZ 18,40.38575649321376,-3.7316618578640703,Centro de Fe y Esperanza Internacional
Centro Evangélico de Restauración Aliento de Vida,CALLE PUERTO DE LAS PILAS 12,40.37887387719392,-3.6268000188410188,Centro Evangélico de Restauración Aliento de Vida
Christ Missions Evangelical Church,CALLE TANTALO 7,40.35242427567422,-3.681517625700249,Christ Missions Evangelical Church
Christ The Master Filipino Christian Fellowship,PLAZA FONSAGRADA 5,40.47751222856838,-3.707887319176637,Christ The Master Filipino Christian Fellowship
Community Church of Madrid,CALLE VIÑA 3,40.444012178441184,-3.7186194926544465,Community Church of Madrid
Comunidad Cristiana Betania,CALLE GABRIELA MISTRAL 16,40.483378084085,-3.735961169071446,Comunidad Cristiana Betania
Comunidad Cristiana Casa de Bendición,CALLE ESFINGE 19,40.444795655280224,-3.610188031875868,Comunidad Cristiana Casa de Bendición
Comunidad Cristiana Eben-Ezer de la Villa de Vallecas,CALLE SIERRA DE TORTEJADA 2,40.37152812090639,-3.6181096496598038,Comunidad Cristiana Eben-Ezer de la Villa de Vallecas
Comunidad Cristiana Eben-Ezer Dios es Amor,CALLE ENRIQUE VELASCO 6,40.39623572695798,-3.6629623449024975,Comunidad Cristiana Eben-Ezer Dios es Amor
Comunidad Cristiana Eben-Ezer Hortaleza,CALLE SANTA VIRGILIA 5 POSTERIOR,40.47803083728167,-3.6436863685291523,Comunidad Cristiana Eben-Ezer Hortaleza
Comunidad Cristiana Kairos,CALLE ISABEL ANA 9,40.39457697145854,-3.725778001179184,Comunidad Cristiana Kairos
Comunidad Cristiana Maranatha,CALLE GRANADA 8,40.40503855717772,-3.6800894670027358,Comunidad Cristiana Maranatha
Comunidad Cristiana Misionera Newma,CALLE CIUDAD DE FRIAS 24 y 32 (NAVE 62),40.338947832675025,-3.7138105528343224,Comunidad Cristiana Misionera Newma
Comunidad Cristiana Sendero de la Cruz,CALLE MIGUEL FLETA 11,40.43189156564133,-3.631374057578604,Comunidad Cristiana Sendero de la Cruz
Comunidad Eben-Ezer Dios Es Amor,CALLE VILLALOBOS 11 Esquina a Leoneses,40.381966779984396,-3.647037080630487,Comunidad Eben-Ezer Dios Es Amor
Comunidad Evangélica de habla alemana,PASEO CASTELLANA 6,40.42721250117197,-3.689422328230453,Comunidad Evangélica de habla alemana
Fraternidad Cristiana Vida Nueva,CALLE MARIA ZAYAS 15,40.45954045233268,-3.701559520848318,Fraternidad Cristiana Vida Nueva
Iglesia  Evangélica Bautista Pueblo Nuevo,CALLE GUTIERRE DE CETINA 13,40.43387488622842,-3.644196517698973,Iglesia  Evangélica Bautista Pueblo Nuevo
Iglesia Abundante Vida,CALLE SECOYA 18 2,40.36948386820239,-3.744863153558721,Iglesia Abundante Vida
Iglesia Alianza Cristiana y Misionera,CALLE ESPERANZA MACARENA 24 SEMISOTANO,40.34938955813733,-3.6903411051943804,Iglesia Alianza Cristiana y Misionera
Iglesia Anglicana de San Jorge,CALLE NUÑEZ DE BALBOA 43,40.42669852639718,-3.68277143067568,Iglesia Anglicana de San Jorge
Iglesia Asamblea Cristiana de Madrid,CALLE ALORA 7 PLANTA Bajo posterior y 9,40.386040079971394,-3.64034744917085,Iglesia Asamblea Cristiana de Madrid
Iglesia Asambleas de Dios Belén,CALLE EZEQUIEL SOLANA 51 LOCALES 1-3,40.42985610848436,-3.6441399002858303,Iglesia Asambleas de Dios Belén
Iglesia Bautista Calvario,CALLE PALERMO 28,40.45911690185054,-3.6488513828849785,Iglesia Bautista Calvario
Iglesia Bautista de Alameda de Osuna,CALLE SOTO HIDALGO 6,40.46013668353802,-3.5799608501207385,Iglesia Bautista de Alameda de Osuna
Iglesia Bautista de Jesús,PASEO PERALES 28,40.405049702498715,-3.739235702341104,Iglesia Bautista de Jesús
"Iglesia Bautista de Jesús (José Villena, 10)",CALLE JOSE VILLENA 10,40.431333124979844,-3.655823971182136,"Iglesia Bautista de Jesús (José Villena, 10)"
Iglesia Bautista de Vallecas,CALLE SAN VIRGILIO 2 y 4,40.395652155665495,-3.6630343908266862,Iglesia Bautista de Vallecas
Iglesia Bautista El Buen Pastor,PLAZA GETAFE 1,40.444238011956884,-3.6721947831541484,Iglesia Bautista El Buen Pastor
Iglesia Bautista Emanuel,CALLE HERNANDEZ DE TEJADA 4,40.44683079932284,-3.6514595783618526,Iglesia Bautista Emanuel
Iglesia Bíblica,CALLE CANAL DE SUEZ 15,40.47232582672411,-3.580075615330767,Iglesia Bíblica
Iglesia Bíblica Reto a la Esperanza,CAMINO HORMIGUERAS 137,40.374809606409876,-3.643042097371311,Iglesia Bíblica Reto a la Esperanza
Iglesia Bíblica Reto a la Esperanza Camino de Hormigueras 137,CAMINO HORMIGUERAS 137,40.374809606409876,-3.643042097371311,Iglesia Bíblica Reto a la Esperanza Camino de Hormigueras 137
Iglesia Bíblica Reto a la Esperanza Sierra de Alcubierre 4,CALLE SIERRA DE ALCUBIERRE 4,40.39240706108415,-3.6675631832603,Iglesia Bíblica Reto a la Esperanza Sierra de Alcubierre 4
Iglesia Bíblica Vida Nueva Madrid,AVENIDA MANOTERAS 22 PLANTA 3 LOCAL 120,40.48730378881032,-3.6673971793876783,Iglesia Bíblica Vida Nueva Madrid
Iglesia Carismática Episcopal de España,CALLE BENEFICENCIA 18,40.42635120982088,-3.698682579292043,Iglesia Carismática Episcopal de España
Iglesia Catedral del Redentor,CALLE BENEFICENCIA 18,40.42635120982088,-3.698682579292043,Iglesia Catedral del Redentor
Iglesia Celebración Cristiana,CALLE SAN SOTERO 5,40.437464332261335,-3.6228155135673554,Iglesia Celebración Cristiana
Iglesia CENFOL España,CALLE ALEJANDRO VILLEGAS 34 Local,40.46517332828151,-3.6488243746464377,Iglesia CENFOL España
Iglesia Centro Cristiano Adonay,CALLE MARIA MARTINEZ OVIOL 17 B,40.35010688886286,-3.691253820762234,Iglesia Centro Cristiano Adonay
Iglesia Centro Cristinano Adonay, CIUDAD DE FRIAS 18 Nave C,40.33811971589477,-3.713824312166029,Iglesia Centro Cristinano Adonay
Iglesia China Evangélica Misión Internacional,CALLE PUERTO DE CANFRANC 10,40.396267707201616,-3.6636066213529817,Iglesia China Evangélica Misión Internacional
Iglesia China Río de Esperanza,CALLE NICOLAS USERA 45,40.38450159065356,-3.7054387161429245,Iglesia China Río de Esperanza
Iglesia Christ Embassy,CALLE TORRE DE DON MIGUEL 10,40.374567244542426,-3.6461483186511154,Iglesia Christ Embassy
Iglesia Comunidad Cristiana de Fe,CALLE SECOYA 20,40.36930664764357,-3.745466154804761,Iglesia Comunidad Cristiana de Fe
Iglesia Coreana Cheil,CALLE SECOYA 22 PLANTA 1 1,40.36910408905974,-3.746309510930643,Iglesia Coreana Cheil
Iglesia Cristiana Adventista,CALLE ALENZA 6 Local estudio Danza Pasión Madrid,40.443575443757055,-3.700489559324882,Iglesia Cristiana Adventista
Iglesia Cristiana Adventista Alejandro Sánchez 49,CALLE ALEJANDRO SANCHEZ 49,40.39015896044393,-3.7220735760780994,Iglesia Cristiana Adventista Alejandro Sánchez 49
Iglesia Cristiana Adventista Austria 2,CALLE AUSTRIA 2,40.424745913913924,-3.6080217648238966,Iglesia Cristiana Adventista Austria 2
Iglesia Cristiana Adventista del Séptimo Día. Madrid Resurrección,CALLE AUSTRIA 2,40.424737348819995,-3.60803688991874,Iglesia Cristiana Adventista del Séptimo Día. Madrid Resurrección
Iglesia Cristiana Adventista del Séptimo Día. Madrid Alenza,CALLE ALENZA 6 PLANTA Baja,40.44356545097694,-3.7004998266858435,Iglesia Cristiana Adventista del Séptimo Día. Madrid Alenza
Iglesia Cristiana Adventista del Séptimo Día. Madrid Aluche,CALLE LOS YEBENES 255,40.38946974102784,-3.7515803449309417,Iglesia Cristiana Adventista del Séptimo Día. Madrid Aluche
Iglesia Cristiana Adventista del Séptimo Día. Madrid Eben-Ezer,CALLE RUSIA 11,40.42423100660826,-3.610095282640812,Iglesia Cristiana Adventista del Séptimo Día. Madrid Eben-Ezer
Iglesia Cristiana Adventista del Séptimo Día. Madrid Efes,CALLE ALEJANDRO SANCHEZ 49,40.390153190373084,-3.7220850553963856,Iglesia Cristiana Adventista del Séptimo Día. Madrid Efes
Iglesia Cristiana Adventista del Séptimo Día. Madrid Emaus,CALLE RUSIA 11,40.42423100660826,-3.610095282640812,Iglesia Cristiana Adventista del Séptimo Día. Madrid Emaus
Iglesia Cristiana Adventista del Séptimo Día. Madrid Habla Portuguesa,CALLE DOCTOR ZOFIO 4,40.3948228497844,-3.738156333879843,Iglesia Cristiana Adventista del Séptimo Día. Madrid Habla Portuguesa
Iglesia Cristiana Adventista del Séptimo Día. Madrid Horeb,CALLE DOCTOR ZOFIO 4,40.3948228497844,-3.738156333879843,Iglesia Cristiana Adventista del Séptimo Día. Madrid Horeb
Iglesia Cristiana Adventista del Séptimo Día. Madrid Vallecas,CALLE DOCTOR BELLIDO 13,40.38473396152094,-3.6673969388303247,Iglesia Cristiana Adventista del Séptimo Día. Madrid Vallecas
Iglesia Cristiana Adventista del Séptimo Día. Madrid Ventas,CALLE HERMANOS GOMEZ 32 local,40.430239463904734,-3.6498796531677073,Iglesia Cristiana Adventista del Séptimo Día. Madrid Ventas
Iglesia Cristiana Adventista Doctor Bellido 13,CALLE DOCTOR BELLIDO 13 LOCAL,40.384743037956014,-3.667388786715533,Iglesia Cristiana Adventista Doctor Bellido 13
Iglesia Cristiana Adventista Doctor Zofío 4,CALLE DOCTOR ZOFIO 4,40.3948228497844,-3.738156333879843,Iglesia Cristiana Adventista Doctor Zofío 4
Iglesia Cristiana Adventista Hermanos Gómez 32,CALLE HERMANOS GOMEZ 32,40.43025079764197,-3.649838033163314,Iglesia Cristiana Adventista Hermanos Gómez 32
Iglesia Cristiana Adventista Los Yébenes 255,CALLE LOS YEBENES 255,40.38947474678948,-3.751562379802795,Iglesia Cristiana Adventista Los Yébenes 255
Iglesia Cristiana Adventista Rusia 11,CALLE RUSIA 11,40.424237049023766,-3.6100802530279967,Iglesia Cristiana Adventista Rusia 11
Iglesia Cristiana Adventista Secoya 19,CALLE SECOYA 19,40.3692641254172,-3.7449067888210887,Iglesia Cristiana Adventista Secoya 19
Iglesia Cristiana Bautista Betel,CALLE ENERO 13,40.44777785297718,-3.5657783371016496,Iglesia Cristiana Bautista Betel
Iglesia Cristiana Bautista de Vallecas,CALLE SIERRA ESPU&amp;Ntilde;A 22,40.37548350089073,-3.6217714951930553,Iglesia Cristiana Bautista de Vallecas
Iglesia Cristiana Casa de mi Padre,CALLE TORTOLA 10 PLANTA 3 C,40.39087260351759,-3.734867022776862,Iglesia Cristiana Casa de mi Padre
Iglesia Cristiana China en España,CALLE GABRIEL USERA 32 y 36,40.38487927104675,-3.708765245871834,Iglesia Cristiana China en España
Iglesia Cristiana Corazón de León,CALLE CARRETAS 14 PLANTA 3,40.41498820459974,-3.703424906084702,Iglesia Cristiana Corazón de León
Iglesia Cristiana Evangelica de Chamartín,CALLE VICTOR DE LA SERNA 58 y 60,40.45777867348771,-3.671802881446396,Iglesia Cristiana Evangelica de Chamartín
Iglesia Cristiana Evangélica Buen Pastor,CALLE ASCENSION BIELSA 54,40.39872139426903,-3.6607166902116255,Iglesia Cristiana Evangélica Buen Pastor
Iglesia Cristiana Evangélica Casa del Alfarero,CALLE RIO ULLA 14 PLANTA 1,40.43416644534178,-3.642738285902067,Iglesia Cristiana Evangélica Casa del Alfarero
Iglesia Cristiana Evangélica Casa del Alfarero calle Monte Oliveti 34,CALLE MONTE OLIVETI 34,40.39707997332226,-3.665001047668981,Iglesia Cristiana Evangélica Casa del Alfarero calle Monte Oliveti 34
Iglesia Cristiana Evangélica en Suanzes,PASAJE PAQUITIN 10,40.44047986175515,-3.6247473743912937,Iglesia Cristiana Evangélica en Suanzes
Iglesia Cristiana Evangélica La Puerta Antonia Lacha 19,CALLE ANTONIA LANCHA 19,40.38577382922113,-3.7210711437076016,Iglesia Cristiana Evangélica La Puerta Antonia Lacha 19
Iglesia Cristiana Evangélica La Puerta Jose María Pereda 41,CALLE JOSE MARIA PEREDA 41 PLANTA 1,40.430482689220426,-3.6478799279685483,Iglesia Cristiana Evangélica La Puerta Jose María Pereda 41
Iglesia Cristiana Evangélica Ministerio Misionero,CALLE HAYA 11 1,40.36613220090543,-3.747406133925766,Iglesia Cristiana Evangélica Ministerio Misionero
Iglesia Cristiana Evangélica Pentecostal Shekinah,CALLE MONTE DE MONTJUICH 3,40.38013097479169,-3.618810637876165,Iglesia Cristiana Evangélica Pentecostal Shekinah
Iglesia Cristiana Hosanna,CALLE ALFARO 34 - 36,40.39008603694386,-3.737012505590283,Iglesia Cristiana Hosanna
Iglesia Cristiana Integral Casa sobre la Roca,CALLE ULISES 1,40.456371724419725,-3.6556133054897137,Iglesia Cristiana Integral Casa sobre la Roca
Iglesia Cristiana Paraíso de Adoración,CALLE MONTSENY 21,40.40095823989181,-3.663441976265768,Iglesia Cristiana Paraíso de Adoración
Iglesia Cristiana Reconcíliate con Dios,CALLE HAYA 16,40.365608004560805,-3.7476502733606907,Iglesia Cristiana Reconcíliate con Dios
Iglesia Cristiana Redimida de Dios,CALLE CLAUDIO SANCHEZ ALBORNOZ 4 PLANTA BAJA,40.397058274873146,-3.771807908257487,Iglesia Cristiana Redimida de Dios
Iglesia Cristiana Roca Eterna,PASEO DELICIAS 28,40.404866930326506,-3.6936814974298464,Iglesia Cristiana Roca Eterna
Iglesia Cristiana Santidad de Dios,CALLE JUAN TORNERO 28,40.41181709187266,-3.726361443652059,Iglesia Cristiana Santidad de Dios
Iglesia Cristiana Shalom Adonai,AVENIDA MANOTERAS 22 NAVE 36,40.48730378881032,-3.6673971793876783,Iglesia Cristiana Shalom Adonai
Iglesia Cristiana Verbo Butrón 20,CALLE BUTRON 20,40.42486808943805,-3.6085501605352426,Iglesia Cristiana Verbo Butrón 20
Iglesia Cruzada Cristiana Misión Vidaa,PASEO MOLINO 13,40.390225425864465,-3.6930580638077504,Iglesia Cruzada Cristiana Misión Vidaa
Iglesia Cuerpo de Cristo,TRAVESIA JUAN FRANCISCO 6,40.38674603374035,-3.7321057793446486,Iglesia Cuerpo de Cristo
Iglesia Cuerpo de Cristo Ambrosio Vallejo 13,CALLE AMBROSIO VALLEJO 13,40.45728970918039,-3.706976226530615,Iglesia Cuerpo de Cristo Ambrosio Vallejo 13
"Iglesia Cuerpo de Cristo, Don Pedro",CALLE DON PEDRO 10,40.41164356061595,-3.7127680071804763,"Iglesia Cuerpo de Cristo, Don Pedro"
Iglesia Cuerpo de Cristo. Calle Avelino Fernández de la Poza,CALLE AVELINO FERNANDEZ DE LA POZA 4,40.38467637366071,-3.6732010597964244,Iglesia Cuerpo de Cristo. Calle Avelino Fernández de la Poza
Iglesia de Cristo - Madrid,CALLE TERUEL 25,40.45142687862351,-3.7010649675352028,Iglesia de Cristo - Madrid
Iglesia de Dios de la Profecía,CALLE EMILIO ORTU&amp;Ntilde;O 19,40.39858161508181,-3.6654538265600167,Iglesia de Dios de la Profecía
Iglesia de Dios Harul,CALLE MATILDE HERNANDEZ 31 PLANTA 2 B LOCAL 8,40.39066340698624,-3.733832375459816,Iglesia de Dios Harul
Iglesia de Dios Vida Nueva,CALLE ROCAFORT 83,40.34231907757052,-3.6866489909092395,Iglesia de Dios Vida Nueva
Iglesia de Dios (Verbo de Dios),CALLE GUTIERREZ Y MICHEL 6,40.3788846528378,-3.6285824907058113,Iglesia de Dios (Verbo de Dios)
"Iglesia de Dios, Verbo de Dios",CALLE PUERTO DE POZAZAL 25,40.3795481034142,-3.6304491509873005,"Iglesia de Dios, Verbo de Dios"
Iglesia de Jesucristo de los Santos de los Últimos Días. Templo de Madrid,CALLE TEMPLO 2,40.400946621600994,-3.63115556549252,Iglesia de Jesucristo de los Santos de los Últimos Días. Templo de Madrid
Iglesia de Jesucristo Palabra Miel,CALLE PAMPLONA 53,40.45581078313137,-3.707199076844166,Iglesia de Jesucristo Palabra Miel
Iglesia de los Discípulos de Cristo,CALLE PEDRO HEREDIA 3,40.428382776615685,-3.666094420916804,Iglesia de los Discípulos de Cristo
Iglesia de Los Elegidos de Dios,CALLE FARO 8 Posterior,40.38119767358174,-3.7264778892367456,Iglesia de Los Elegidos de Dios
Iglesia de Santidad Pentecostal,CALLE SERVANDO BATANERO 8 PLANTA 1 DERECHA,40.42920679348206,-3.6502931839980235,Iglesia de Santidad Pentecostal
Iglesia de Santidad Pentecostal Tomás Redondo 1,CALLE TOMAS REDONDO 1 PLANTA 4 LOCAL 2,40.47301639392714,-3.6309383890620284,Iglesia de Santidad Pentecostal Tomás Redondo 1
Iglesia de Scientology de España,CALLE SANTA CATALINA 7 esquina calle Prado,40.41544685773238,-3.6977564880686664,Iglesia de Scientology de España
Iglesia de Una Esperanza,CAMINO PERALES 110,40.373089513635435,-3.689088695621236,Iglesia de Una Esperanza
Iglesia del Evangelio Cuadrangular,CALLE VENCEJO 3,40.38714515915696,-3.7424171547450222,Iglesia del Evangelio Cuadrangular
Iglesia del Rey Jesucristo,CALLE GRANDEZA ESPA&amp;Ntilde;OLA 49 PLANTA 3ª D,40.4109568893467,-3.733414326558791,Iglesia del Rey Jesucristo
Iglesia Dios es Amor Unión Cristiana Evangélica,CALLE SAN FROILAN 9 y 11,40.38076277245949,-3.7000199485367538,Iglesia Dios es Amor Unión Cristiana Evangélica
Iglesia Dios es Amor - Unión Cristiana,CALLE PRUDENCIO ALVARO 46,40.43829788787747,-3.644274105325617,Iglesia Dios es Amor - Unión Cristiana
Iglesia Ejército de Salvación Madrid,CALLE HERMOSILLA 126 Local 4,40.42545230198005,-3.6678581814924507,Iglesia Ejército de Salvación Madrid
Iglesia Ejército de Salvación Palomeras,AVENIDA RAFAEL ALBERTI 18 bis,40.388453004338494,-3.6402017057531606,Iglesia Ejército de Salvación Palomeras
Iglesia El Buen Pastor de Vallecas,CAMINO VALDERRIBAS 96 Nave,40.398863439810455,-3.660560405682932,Iglesia El Buen Pastor de Vallecas
Iglesia Elan,CALLE EZCARAY 20 PLANTA 2 C,40.410210854887914,-3.61293716036795,Iglesia Elan
Iglesia Emanuel (U.C.E.),CALLE MARINA VEGA 51,40.380164013828775,-3.712516240146969,Iglesia Emanuel (U.C.E.)
Iglesia Evangélica Filadelfia Rafael Finat 3,CALLE RAFAEL FINAT 3,40.38362980952332,-3.7644040244201715,Iglesia Evangélica Filadelfia Rafael Finat 3
Iglesia Evangélica,CALLE CALATRAVA 25,40.40923676813966,-3.7120737849312566,Iglesia Evangélica
Iglesia Evangélica Adulam,AVENIDA OPORTO 36 LOCAL 7,40.38626397188235,-3.7242636555629756,Iglesia Evangélica Adulam
Iglesia Evangélica Agua de Vida,CALLE JUAN FRANCISCO 6,40.38720364104392,-3.732413055047557,Iglesia Evangélica Agua de Vida
Iglesia Evangélica Alcalá 459,CALLE ALCALA 459,40.439073872427564,-3.634185577349754,Iglesia Evangélica Alcalá 459
Iglesia Evangélica Arca de Salvación,CALLE EUGENIO SELLES 1,40.39580823279452,-3.698617401031242,Iglesia Evangélica Arca de Salvación
Iglesia Evangélica Arturo Soria 18,CALLE ARTURO SORIA 18,40.43977112521045,-3.639101549206394,Iglesia Evangélica Arturo Soria 18
Iglesia Evangélica Asamblea de Dios,CALLE MALCAMPO 11 PLANTA BAJA,40.445450329595324,-3.6743524168533828,Iglesia Evangélica Asamblea de Dios
Iglesia Evangélica Asamblea de Dios Misionera,CALLE ENRIQUE BORRAS 5 PLANTA local,40.40656295319298,-3.7424413236488863,Iglesia Evangélica Asamblea de Dios Misionera
Iglesia Evangélica Asociación Evangelización Mundial para Cristo,AVENIDA CANILLEJAS A VICALVARO 131,40.426919386996715,-3.6105786335561914,Iglesia Evangélica Asociación Evangelización Mundial para Cristo
Iglesia Evangélica Avenida de San Diego 13,AVENIDA SAN DIEGO 13,40.38906135219218,-3.670801576025196,Iglesia Evangélica Avenida de San Diego 13
Iglesia Evangélica Avivamiento Emmanuel España,CALLE ALVAREZ ABELLAN 17,40.38519101985389,-3.7323123187363367,Iglesia Evangélica Avivamiento Emmanuel España
Iglesia Evangélica Bautista Barrio del Pilar,CALLE GINZO DE LIMIA 44,40.47854013481567,-3.703163788451918,Iglesia Evangélica Bautista Barrio del Pilar
Iglesia Evangélica Bautista Madridejos 41,CALLE MADRIDEJOS 41,40.384490607528356,-3.709839281335438,Iglesia Evangélica Bautista Madridejos 41
Iglesia Evangélica Bautista Vallecas,CALLE SAN VIRGILIO 2 y 4,40.39573062189441,-3.6631919963225954,Iglesia Evangélica Bautista Vallecas
Iglesia Evangélica Bautista Villaverde,CALLE VILLAPALACIOS 28,40.3513909320076,-3.689149100235942,Iglesia Evangélica Bautista Villaverde
Iglesia Evangélica Buenas Nuevas la Gran Comisión,CALLE RADIO 12 PLANTA BAJO A,40.39240076651593,-3.7233440134536795,Iglesia Evangélica Buenas Nuevas la Gran Comisión
Iglesia Evangélica Butrón 20,CALLE BUTRON 20,40.42486808943805,-3.6085501605352426,Iglesia Evangélica Butrón 20
Iglesia Evangélica Bíblica Misionera,CALLE TALIA 26,40.44727187781195,-3.6155234566793832,Iglesia Evangélica Bíblica Misionera
Iglesia Evangélica Casa de la Misericordia,CALLE SANTIAGO ESTEVEZ 29 PLANTA BAJO IZQUIERDA,40.39105388398816,-3.734197628694965,Iglesia Evangélica Casa de la Misericordia
Iglesia Evangélica Casa de Oración,CALLE FELIPE DE DIEGO 3 Posterior,40.379470784588214,-3.663021565402853,Iglesia Evangélica Casa de Oración
Iglesia Evangélica Casa de Oración,CALLE LONDRES 13,40.43146112930494,-3.6694502641980313,Iglesia Evangélica Casa de Oración
Iglesia Evangélica Casa de Oración Alfredo Castro Camba 38,CALLE ALFREDO CASTRO CAMBA 38,40.38595471801731,-3.670184738164075,Iglesia Evangélica Casa de Oración Alfredo Castro Camba 38
Iglesia Evangélica Centro de Misiones Kairos,CALLE CASTRO DE ORO 7,40.38918327681501,-3.7294229863667314,Iglesia Evangélica Centro de Misiones Kairos
Iglesia Evangélica Centro de Salvación,CALLE VALLE DE TOBALINA 36,40.33869973474483,-3.715179180845713,Iglesia Evangélica Centro de Salvación
Iglesia Evangélica China Española,CALLE CAROLINAS 10,40.451241419899205,-3.704895759227494,Iglesia Evangélica China Española
Iglesia Evangélica Comunidad de Fe,CALLE ENRIQUE LARRETA 9,40.467647940628325,-3.6866551216026346,Iglesia Evangélica Comunidad de Fe
Iglesia Evangélica Comunidad de la Paz,CALLE MATILDE HERNANDEZ 31 PLANTA BAJO B,40.39066340698624,-3.733832375459816,Iglesia Evangélica Comunidad de la Paz
Iglesia Evangélica Cristo Vive,AVENIDA GRAN VIA DE HORTALEZA 30,40.46660577055004,-3.6537495353492995,Iglesia Evangélica Cristo Vive
Iglesia Evangélica de Aluche,CALLE NUESTRA SEÑORA DE LA LUZ 118,40.38654208091557,-3.751536019050476,Iglesia Evangélica de Aluche
Iglesia Evangélica del Nazareno,CALLE PELICANO 26,40.383690841533735,-3.728283631976347,Iglesia Evangélica del Nazareno
Iglesia Evangélica Duque de Sesto,CALLE DUQUE DE SESTO 6,40.422519073596874,-3.6782871144773264,Iglesia Evangélica Duque de Sesto
Iglesia Evangélica El Hogar Cristiano,CALLE ESTOCOLMO 43 PLANTA 2 B,40.42817382661681,-3.600304793330195,Iglesia Evangélica El Hogar Cristiano
Iglesia Evangélica El Shaddai,CALLE MARIA PEDRAZA 11,40.453349071696216,-3.7093874627751746,Iglesia Evangélica El Shaddai
Iglesia Evangélica Emanuel Asambleas de Dios,CALLE DIEGO MANCHADO 29,40.38965773372737,-3.646865492459837,Iglesia Evangélica Emanuel Asambleas de Dios
Iglesia Evangélica Emaús,CALLE AGUAVIVA 6 Local,40.4487149362724,-3.5666134456579752,Iglesia Evangélica Emaús
Iglesia Evangélica Encuentro con Dios,CALLE JOSE DEL PRADO Y PALACIO 1 Local 4,40.40995541329681,-3.653903803273293,Iglesia Evangélica Encuentro con Dios
Iglesia Evangélica Evangelizando las Naciones,PASEO GIGANTES Y CABEZUDOS 48 PLANTA BAJO 12,40.35529078999778,-3.6938688031840106,Iglesia Evangélica Evangelizando las Naciones
Iglesia Evangélica Evangelizando las Naciones Resina 14A,CALLE RESINA 14 A NAVE 2 GETAFE,40.33613935064066,-3.6978602077425373,Iglesia Evangélica Evangelizando las Naciones Resina 14A
"Iglesia Evangélica Fe, Esperanza y Amor",CALLE PATRIARCA SAN JOSE 9 BAJO,40.43055108462239,-3.628173673450934,"Iglesia Evangélica Fe, Esperanza y Amor"
"Iglesia Evangélica Filadelfia Aldaya 41, 42 y 43","CALLE ALDAYA  41, 42, y 43",40.477672230575884,-3.6480512564009726,"Iglesia Evangélica Filadelfia Aldaya 41, 42 y 43"
Iglesia Evangélica Filadelfia Antonio González Porras 21,CALLE ANTONIO GONZALEZ PORRAS 21,40.390589205529665,-3.7176498792496906,Iglesia Evangélica Filadelfia Antonio González Porras 21
Iglesia Evangélica Filadelfia Armengot,CALLE ARMENGOT  SIN NÚMERO,40.396910203966605,-3.7187148158611465,Iglesia Evangélica Filadelfia Armengot
Iglesia Evangélica Filadelfia Avenida Guadalajara 37,AVENIDA GUADALAJARA 37 LOCAL 9,40.42002369011433,-3.6197188348913105,Iglesia Evangélica Filadelfia Avenida Guadalajara 37
Iglesia Evangélica Filadelfia calle Germán Pérez Carrasco,CALLE GERMAN PEREZ CARRASCO 2,40.434275700358306,-3.6474248057743144,Iglesia Evangélica Filadelfia calle Germán Pérez Carrasco
Iglesia Evangélica Filadelfia calle Luis Cernuda,"CALLE LUIS CERNUDA  LOCAL 2, FINCA 3",40.440110358334735,-3.653005712125586,Iglesia Evangélica Filadelfia calle Luis Cernuda
Iglesia Evangélica Filadelfia calle Oso 19,CALLE OSO 19 PLANTA baja,40.409453044063135,-3.7052440230775514,Iglesia Evangélica Filadelfia calle Oso 19
Iglesia Evangélica Filadelfia Cerro de los Ángeles 32,AVENIDA CERRO DE LOS ANGELES 32,40.37875284587766,-3.7126889160076697,Iglesia Evangélica Filadelfia Cerro de los Ángeles 32
Iglesia Evangélica Filadelfia del Centro,CALLE RODRIGO DE GUEVARA 2,40.40931307515139,-3.7089216905673084,Iglesia Evangélica Filadelfia del Centro
Iglesia Evangélica Filadelfia Elvira Barrios 4,CALLE ELVIRA BARRIOS 4,40.3957003972249,-3.7360404509749086,Iglesia Evangélica Filadelfia Elvira Barrios 4
Iglesia Evangélica Filadelfia Fernando González 15,CALLE FERNANDO GONZALEZ 15,40.39180701085305,-3.72103086312969,Iglesia Evangélica Filadelfia Fernando González 15
Iglesia Evangélica Filadelfia García Llamas 41,CALLE GARCIA LLAMAS 41,40.38533512440142,-3.6698802897236034,Iglesia Evangélica Filadelfia García Llamas 41
Iglesia Evangélica Filadelfia Getafe 25,CALLE GETAFE 25,40.34299224985532,-3.7080605588776208,Iglesia Evangélica Filadelfia Getafe 25
Iglesia Evangélica Filadelfia Guadalquivir 1,CALLE GUADALQUIVIR 1 PLANTA 2,40.44619399938698,-3.6853246238036528,Iglesia Evangélica Filadelfia Guadalquivir 1
Iglesia Evangélica Filadelfia Guillermo Pingarron 9,CALLE GUILLERMO PINGARRON 9 PLANTA BAJO EXTERIOR,40.387393475080934,-3.6477186323226545,Iglesia Evangélica Filadelfia Guillermo Pingarron 9
Iglesia Evangélica Filadelfia Higinio Rodríguez 62,CALLE HIGINIO RODRIGUEZ 62,40.38672257682575,-3.6622858627113515,Iglesia Evangélica Filadelfia Higinio Rodríguez 62
Iglesia Evangélica Filadelfia Isabelita Usera 59,CALLE ISABELITA USERA 59,40.38150656323228,-3.7074073830087357,Iglesia Evangélica Filadelfia Isabelita Usera 59
Iglesia Evangélica Filadelfia Jaspe 56,CALLE JASPE 56 LOCAL 4,40.37979944135075,-3.7066539512199044,Iglesia Evangélica Filadelfia Jaspe 56
Iglesia Evangélica Filadelfia Lucano 17,CALLE LUCANO 17,40.43949152296494,-3.610456424036562,Iglesia Evangélica Filadelfia Lucano 17
Iglesia Evangélica Filadelfia Luis de Hoyos Sainz,"CALLE LUIS DE HOYOS SAINZ  SIN NÚMERO, 2, LOCAL 3",40.4051469811212,-3.6390384001046554,Iglesia Evangélica Filadelfia Luis de Hoyos Sainz
Iglesia Evangélica Filadelfia Manresa 48,CALLE MANRESA 48 POSTERIOR,40.49206894232612,-3.6933865159345056,Iglesia Evangélica Filadelfia Manresa 48
Iglesia Evangélica Filadelfia Mejorana 27,CALLE MEJORANA 27,40.383613937181266,-3.672967700382854,Iglesia Evangélica Filadelfia Mejorana 27
Iglesia Evangélica Filadelfia Nicolasa Gómez 39,CALLE NICOLASA GOMEZ 39,40.441499522158246,-3.6134562575008045,Iglesia Evangélica Filadelfia Nicolasa Gómez 39
Iglesia Evangélica Filadelfia Nuestra Señora de Valverde 108,CALLE NUESTRA SEÑORA DE VALVERDE 108,40.49688491376127,-3.6871152560912925,Iglesia Evangélica Filadelfia Nuestra Señora de Valverde 108
Iglesia Evangélica Filadelfia plaza Rendición de Breda,PLAZA RENDICION DE BREDA 2,40.377321699099916,-3.731724453244233,Iglesia Evangélica Filadelfia plaza Rendición de Breda
Iglesia Evangélica Filadelfia Portugalete 29,CALLE PORTUGALETE 29,40.427201283919715,-3.6336813603346316,Iglesia Evangélica Filadelfia Portugalete 29
Iglesia Evangélica Filadelfia Quart de Poblet 41,CALLE CUART DE POBLET 41,40.397530422468876,-3.7478320658195923,Iglesia Evangélica Filadelfia Quart de Poblet 41
Iglesia Evangélica Filadelfia San Telesforo 13,CALLE SAN TELESFORO 13 PLANTA 1 Nave 11,40.42519222607221,-3.63546130603136,Iglesia Evangélica Filadelfia San Telesforo 13
Iglesia Evangélica Filadelfia Sierra de Engarceran 7,CALLE SIERRA ENGARCERAN 7,40.37615336882075,-3.6239721321364655,Iglesia Evangélica Filadelfia Sierra de Engarceran 7
"Iglesia Evangélica Fuente de la Vida, Asambleas de Dios",CALLE SIERRA CARBONERA 31,40.39224017330228,-3.663983360780897,"Iglesia Evangélica Fuente de la Vida, Asambleas de Dios"
Iglesia Evangélica Fuente de Vida,AVENIDA PEDRO DIEZ 21,40.39136955330053,-3.7312417599906453,Iglesia Evangélica Fuente de Vida
Iglesia evangélica Fundación Federico Fliedner,CALLE BRAVO MURILLO 85,40.44493824188452,-3.70421024880097,Iglesia evangélica Fundación Federico Fliedner
Iglesia Evangélica Gran Rey,CALLE MAESTRO ARBOS 5,40.390162579463414,-3.694838317655381,Iglesia Evangélica Gran Rey
Iglesia Evangélica Isla de Patmos,CALLE POTASA 11 PLANTA BAJO,40.35248166325973,-3.6809977145589596,Iglesia Evangélica Isla de Patmos
Iglesia Evangélica Jesús es el Señor Torre Fuerte,CALLE BLANDON 6,40.38952280235475,-3.739074970950569,Iglesia Evangélica Jesús es el Señor Torre Fuerte
Iglesia Evangélica la Casa del Padre,CALLE HAYA 5,40.36773909619671,-3.747206101955897,Iglesia Evangélica la Casa del Padre
Iglesia Evangélica La Roca,PASEO DELICIAS 28,40.404866930326506,-3.6936814974298464,Iglesia Evangélica La Roca
Iglesia Evangélica Las Águilas,CALLE FUERTE DE NAVIDAD 19,40.380332955379934,-3.7668506940875517,Iglesia Evangélica Las Águilas
Iglesia Evangélica Luz del Mundo,CALLE SAN ERASMO 16,40.33791682003422,-3.7066954895515116,Iglesia Evangélica Luz del Mundo
Iglesia Evangélica Manantial de Vida,AVENIDA CERRO DE LOS ANGELES 10 PLANTA 1 B,40.379960391322925,-3.7130159457712084,Iglesia Evangélica Manantial de Vida
Iglesia Evangélica Miguel de la Roca 6,CALLE MIGUEL DE LA ROCA 6,40.383642670524296,-3.672860306212846,Iglesia Evangélica Miguel de la Roca 6
Iglesia Evangélica Ministerio Belem,CALLE OROPENDOLA 26,40.38218662221814,-3.7327181507119738,Iglesia Evangélica Ministerio Belem
Iglesia Evangélica Ministerio Pasión por Cristo,CALLE REUS 8,40.37160136859314,-3.7459391632325407,Iglesia Evangélica Ministerio Pasión por Cristo
Iglesia Evangélica Ministerio Sembradores,CALLE HUERTA DE CASTA&amp;Ntilde;EDA 25,40.40606887647842,-3.7415039307506968,Iglesia Evangélica Ministerio Sembradores
Iglesia Evangélica Noviciado 5,CALLE NOVICIADO 5,40.425585219802336,-3.708110408802556,Iglesia Evangélica Noviciado 5
Iglesia Evangélica Nueva Vida,CALLE ARGOS 13,40.436772923362945,-3.634945071142653,Iglesia Evangélica Nueva Vida
Iglesia Evangélica Oteiza 45,CALLE OTEIZA 45,40.371042518166824,-3.688095842219565,Iglesia Evangélica Oteiza 45
Iglesia Evangélica Pentecostal Amistad Cristiana,CALLE VALLEHERMOSO 70,40.437256742788904,-3.708286842692643,Iglesia Evangélica Pentecostal Amistad Cristiana
Iglesia Evangélica Pentecostal Bethel,CALLE FERNANDO DIAZ DE MENDOZA 3,40.39425444284573,-3.7130323684423163,Iglesia Evangélica Pentecostal Bethel
Iglesia Evangélica Pentecostal Misión 1909,CALLE VIRGEN DE BELEN 42 PLANTA BAJO,40.390490853232684,-3.721308792690415,Iglesia Evangélica Pentecostal Misión 1909
Iglesia Evangélica Pentecostal Salem,CALLE CIDRO 8,40.36788312377922,-3.7461462154794596,Iglesia Evangélica Pentecostal Salem
Iglesia Evangélica Pinzón 16,CALLE PINZON 16,40.38977130974361,-3.740167780086258,Iglesia Evangélica Pinzón 16
Iglesia Evangélica Pueblo Nuevo,CALLE VILLACARLOS 14,40.405980938654075,-3.6062299408865495,Iglesia Evangélica Pueblo Nuevo
Iglesia Evangélica Renuevo de Vida,CALLE GINZO DE LIMIA 55,40.48482265617191,-3.70908725025374,Iglesia Evangélica Renuevo de Vida
Iglesia Evangélica Servidores de Vida,CALLE CASTROJERIZ 8,40.387266618692394,-3.738996818463832,Iglesia Evangélica Servidores de Vida
Iglesia Evangélica Sinaí,CALLE SILVIO ABAD 76,40.38087966202685,-3.7117610976737634,Iglesia Evangélica Sinaí
Iglesia Evangélica Trafalgar,CALLE TRAFALGAR 32 PLANTA BAJA A,40.43371124396547,-3.701241599331296,Iglesia Evangélica Trafalgar
Iglesia Evangélica Vino Nuevo el Rey Jesús,CALLE CADARSO 6,40.421834986222606,-3.7143270076698696,Iglesia Evangélica Vino Nuevo el Rey Jesús
Iglesia evangélica. Calle Marquesa de Argüeso,CALLE MARQUESA DE ARG&amp;Uuml;ESO 22,40.391475542527616,-3.7238429956192007,Iglesia evangélica. Calle Marquesa de Argüeso
Iglesia Evangélica. Calle Tembleque,CALLE TEMBLEQUE 140,40.39189873720004,-3.7660307873771934,Iglesia Evangélica. Calle Tembleque
Iglesia Gloria de Dios,CALLE ESTEBAN COLLANTES 37,40.431860693236985,-3.6402017241153257,Iglesia Gloria de Dios
Iglesia Hillsong España,CALLE FORTUNATA Y JACINTA 17 Teatro Gran Maestre,40.45428823014499,-3.6977468863800387,Iglesia Hillsong España
Iglesia Internacional Alianza de Amor,CALLE ANTONIO GONZALEZ PORRAS 25,40.39066598347717,-3.7178606509833854,Iglesia Internacional Alianza de Amor
Iglesia Jesús es el Maestro,CALLE ALEJANDRINA MORAN 24,40.40246457556407,-3.7470680018458173,Iglesia Jesús es el Maestro
Iglesia Libre de los Hermanos en Cristo,PASEO EXTREMADURA 179,40.40753170377432,-3.744625537533622,Iglesia Libre de los Hermanos en Cristo
Iglesia Ministerio Denuedo,CALLE MINEROS 12 PLANTA 1,40.38288913614371,-3.7286284347044356,Iglesia Ministerio Denuedo
Iglesia Ministerio Internacional Poder de Dios,CALLE VERJA 27,40.38226744795788,-3.714065918790796,Iglesia Ministerio Internacional Poder de Dios
Iglesia Misionera Asamblea Cristiana,CALLE GUTIERRE DE CETINA 117 PLANTA 3ª,40.42743679266473,-3.639096420331094,Iglesia Misionera Asamblea Cristiana
Iglesia Misionera Asamblea Cristiana Río Ulla 14,CALLE RIO ULLA 14,40.43416644534178,-3.642738285902067,Iglesia Misionera Asamblea Cristiana Río Ulla 14
Iglesia Misionera Pentecostal de Cristo,CALLE BENEFICENCIA 18,40.42635120982088,-3.698682579292043,Iglesia Misionera Pentecostal de Cristo
Iglesia Misión Apostólica Mundial,CALLE ALEJANDRO MORAN 3,40.387011290888786,-3.733352216029725,Iglesia Misión Apostólica Mundial
Iglesia Misión Apostólica Mundial Cuart de Poblet 53,CALLE CUART DE POBLET 53 PLANTA 4 A,40.39718265837727,-3.7480014357699902,Iglesia Misión Apostólica Mundial Cuart de Poblet 53
Iglesia Nueva Generación,CALLE CIDRO 18 PLANTA 1 A,40.365916133593274,-3.746573746167614,Iglesia Nueva Generación
Iglesia Pentecostal Cezarea,CALLE SANTA CRUZ DE RETAMAR 9,40.38203207203419,-3.645493815150533,Iglesia Pentecostal Cezarea
Iglesia Pentecostal Dios es Amor,CALLE ELFO 158,40.43766452292309,-3.6416912216853277,Iglesia Pentecostal Dios es Amor
Iglesia Pentecostal El Buen Samaritano,CALLE SANTIAGO ESTEVEZ 27 PLANTA 1 DERECHA,40.39128043475081,-3.734244509170327,Iglesia Pentecostal El Buen Samaritano
Iglesia Pentecostal Unida de España Pedro Villar 2,CALLE PEDRO VILLAR 2,40.462666965791996,-3.6968917477788623,Iglesia Pentecostal Unida de España Pedro Villar 2
Iglesia Pentecostal Unida en Europa,CALLE CUCLILLO 5,40.39051783514915,-3.730942583215076,Iglesia Pentecostal Unida en Europa
Iglesia Presbiteriana Coreana,CALLE JOSE MARIA PEREDA 28,40.43091133149372,-3.648186676834555,Iglesia Presbiteriana Coreana
Iglesia Presbiteriana Coreana Sarang,CALLE VILLACAMPA 4 y 6,40.37996165811028,-3.6230621112736663,Iglesia Presbiteriana Coreana Sarang
Iglesia Vida Apasionada,CALLE REYES MAGOS 8 PLANTA 6 B,40.41156966174721,-3.674760030213652,Iglesia Vida Apasionada
Iglesia Vida Nueva para las Naciones,CALLE BERASTEGUI 49,40.42727582925555,-3.640605162273815,Iglesia Vida Nueva para las Naciones
Iglesia Vidapasionada,AVENIDA MENENDEZ PELAYO 36,40.405437081813716,-3.68037479130131,Iglesia Vidapasionada
Madrid International Church,CALLE CIDRO 14 PLANTA BAJO Polígono Aguacate,40.366381452000546,-3.74651822287228,Madrid International Church
Ministerio Jesucristo Pan de Vida,CALLE VIRGEN DE BELEN 1,40.390959130810465,-3.7239204204508365,Ministerio Jesucristo Pan de Vida
Misión Carismática Internacional,CALLE RABANAL DEL CAMINO 9 6.1,40.50842533620422,-3.6737581285053764,Misión Carismática Internacional
Misión Evangélica Maranata,CALLE IMAGEN 18,40.38430044082525,-3.667369691758153,Misión Evangélica Maranata
Movimiento Misionero Mundial,CALLE MANUEL LAGUNA 33,40.380772870423094,-3.6664419029385753,Movimiento Misionero Mundial
Movimiento Misionero Mundial calle Germán Pérez Carrasco 92,CALLE GERMAN PEREZ CARRASCO 92,40.437683474255266,-3.640483215376134,Movimiento Misionero Mundial calle Germán Pérez Carrasco 92
Primera Iglesia Evangélica Bautista de Madrid,CALLE GENERAL LACY 18,40.403586898197894,-3.690928534913438,Primera Iglesia Evangélica Bautista de Madrid
Templo Evangélico Comunidad de Oración,CALLE BENIDORM 17,40.43113872141274,-3.6549797237044177,Templo Evangélico Comunidad de Oración
Testigos Cristianos de Jehová. Avenida de Moratalaz,AVENIDA MORATALAZ 143 Bajo 12,40.40711568603655,-3.6480628737257152,Testigos Cristianos de Jehová. Avenida de Moratalaz
Testigos Cristianos de Jehová. Calle Andaluces,AVENIDA ANDALUCES 30 PLANTA BAJO POSTERIOR,40.40711568603655,-3.6480628737257152,Testigos Cristianos de Jehová. Calle Andaluces
Testigos Cristianos de Jehová. Calle Arroyo,CALLE ARROYO 23 PLANTA BAJO,40.46978728598973,-3.7025298582429698,Testigos Cristianos de Jehová. Calle Arroyo
Testigos Cristianos de Jehová. Calle Artistas,CALLE ARTISTAS 22 PLANTA BAJO A,40.44728893529121,-3.7015290370510474,Testigos Cristianos de Jehová. Calle Artistas
Testigos Cristianos de Jehová. Calle Carrascales,CALLE CARRASCALES 12 PLANTA BAJA 1 derecha,40.38152721787896,-3.7082093955604063,Testigos Cristianos de Jehová. Calle Carrascales
Testigos Cristianos de Jehová. Calle Cebreros,CALLE CEBREROS 2 PLANTA BAJO C,40.40480734723471,-3.741418434816632,Testigos Cristianos de Jehová. Calle Cebreros
Testigos Cristianos de Jehová. Calle Chantada,CALLE CHANTADA 41 Bajo 6 y 43,40.47295576678733,-3.7161763610140874,Testigos Cristianos de Jehová. Calle Chantada
Testigos Cristianos de Jehová. Calle de Los Gallegos,CALLE GALLEGOS 2,40.40140094836679,-3.6076479923249063,Testigos Cristianos de Jehová. Calle de Los Gallegos
Testigos Cristianos de Jehová. Calle Doctor Gómez Ulla,CALLE DOCTOR GÓMEZ ULLA 16 PLANTA BAJA IZQUIERDA,40.4299768268144,-3.667513892714285,Testigos Cristianos de Jehová. Calle Doctor Gómez Ulla
Testigos Cristianos de Jehová. Calle Guamo,CALLE GUAMO 2 Bajo 1 bis y 6,40.472423257425966,-3.6329921848042237,Testigos Cristianos de Jehová. Calle Guamo
Testigos Cristianos de Jehová. Calle Hilario Sangrador,CALLE HILARIO SANGRADOR 8 PLANTA BAJA IZQUIERDA,40.407960942737944,-3.7424991074388743,Testigos Cristianos de Jehová. Calle Hilario Sangrador
Testigos Cristianos de Jehová. Calle Ignacio Ellacuría,CALLE IGNACIO ELLACURIA 3 7,40.42908868520633,-3.6568904225379044,Testigos Cristianos de Jehová. Calle Ignacio Ellacuría
Testigos Cristianos de Jehová. Calle Jacobinia,CALLE JACOBINIA 70,40.377563130203534,-3.7538276002522437,Testigos Cristianos de Jehová. Calle Jacobinia
Testigos Cristianos de Jehová. Calle Las Pedroñeras,CALLE LAS PEDRO&amp;Ntilde;ERAS 46 LOCAL,40.46740772482656,-3.630892617916542,Testigos Cristianos de Jehová. Calle Las Pedroñeras
Testigos Cristianos de Jehová. Calle Los Mineros,CALLE MINEROS 16,40.382847153138805,-3.7284140387696176,Testigos Cristianos de Jehová. Calle Los Mineros
Testigos Cristianos de Jehová. Calle Luis Ruiz,CALLE LUIS RUIZ 75 PUERTA 19,40.4280279977347,-3.6360652956995043,Testigos Cristianos de Jehová. Calle Luis Ruiz
Testigos Cristianos de Jehová. Calle Manola y Rosario,CALLE MANOLA Y ROSARIO 1 PLANTA BAJO INTERIOR,40.34412915451855,-3.7132155792734167,Testigos Cristianos de Jehová. Calle Manola y Rosario
Testigos Cristianos de Jehová. Calle Marcudos,CALLE MARCUDOS 4 PLANTA BAJO 3,40.38853080646351,-3.701720159931242,Testigos Cristianos de Jehová. Calle Marcudos
Testigos Cristianos de Jehová. Calle Martín de Vargas,CALLE MARTIN DE VARGAS 26 PLANTA BAJA B derecha,40.40244073010048,-3.701734952593744,Testigos Cristianos de Jehová. Calle Martín de Vargas
Testigos Cristianos de Jehová. Calle Martín Martínez,CALLE MARTIN MARTINEZ 4 PLANTA BAJO 2,40.446837359952966,-3.6726508650238014,Testigos Cristianos de Jehová. Calle Martín Martínez
Testigos Cristianos de Jehová. Calle Puerto de Pozazal,CALLE PUERTO DE POZAZAL 1 C,40.37941728069035,-3.6290579482359915,Testigos Cristianos de Jehová. Calle Puerto de Pozazal
Testigos Cristianos de Jehová. Calle San Moisés,CALLE SAN MOISÉS 39 PLANTA BAJA B,40.382077738308396,-3.665580023171385,Testigos Cristianos de Jehová. Calle San Moisés
Testigos Cristianos de Jehová. Calle Santa Ana Baja,CALLE SANTA ANA BAJA 48 PLANTA BAJO C,40.497192617458886,-3.6907339951292277,Testigos Cristianos de Jehová. Calle Santa Ana Baja
Testigos Cristianos de Jehová. Calle Sierra del Sabiñar,CALLE SIERRA DE SABI&amp;Ntilde;AR 4 PLANTA BAJO LOCAL 3 C,40.373674231018306,-3.618489004433822,Testigos Cristianos de Jehová. Calle Sierra del Sabiñar
Testigos Cristianos de Jehová. Calle Sierra Salvada,CALLE SIERRA SALVADA 24 LOCAL 5,40.373674231018306,-3.618489004433822,Testigos Cristianos de Jehová. Calle Sierra Salvada
Testigos Cristianos de Jehová. Calle Tembleque,CALLE TEMBLEQUE 64 PLANTA BAJA,40.395189097488895,-3.7603005676344834,Testigos Cristianos de Jehová. Calle Tembleque
Testigos Cristianos de Jehová. Calle Venancio Martín,CALLE VENANCIO MARTIN 19 PLANTA BAJA 2,40.39795732762339,-3.6614706779617716,Testigos Cristianos de Jehová. Calle Venancio Martín
Testigos Cristianos de Jehová. Calle Ámbar,CALLE AMBAR 3 PLANTA BAJO IZQUIERDA,40.373674231018306,-3.618489004433822,Testigos Cristianos de Jehová. Calle Ámbar
The Korea Assemblies of God Full Gospel,CALLE HERNANI 34 LOCAL 4,40.448161490124384,-3.7006356397364564,The Korea Assemblies of God Full Gospel
